kw	vol	pos	traffic	url
szafka nocna	49500	27	0	meble.pl/meble/szafki-nocne/
szafka łazienkowa	40500	32	0	meble.pl/na-wymiar/szafki-lazienkowe
komoda biała	27100	10	417.34	meble.pl/meble/komody,kolor-bialy/
biurko narożnikowe	27100	30	0	meble.pl/meble/biurka,biurka-narozne/
biurko narożna	27100	30	0	meble.pl/meble/biurka,biurka-narozne/
regał na zabawki	22200	11	0	meble.pl/poradnik/art9205,regal-na-zabawki-to-praktyczny-pomysl-na-zachowanie-porzadku-w-pokoju-malucha.html
szafka nocna biała	8100	18	0	meble.pl/meble/szafki-nocne,kolor-bialy/
pokrowiec na meble ogrodowe	6600	47	0	meble.pl/wyposazenie-wnetrz/akcesoria-ogrodowe,pokrowce--/
szafa do pokoju dziecięcego	5400	11	0	meble.pl/poradnik/art8799,szafa-do-pokoju-dzieciecego-jaka-powinna-byc.html
komoda biała połysk	5400	15	0	meble.pl/meble/komody,kolor-bialy/
szafy na ubrania	5400	39	0	meble.pl/na-wymiar/szafy
szafa do pokoju	5400	41	0	meble.pl/na-wymiar/szafy
szafki do pokoju dziecka	5400	14	0	meble.pl/poradnik/art8799,szafa-do-pokoju-dzieciecego-jaka-powinna-byc.html
meble do pokoju dziewczynki	2900	20	0	meble.pl/poradnik/art8887,meble-dzieciece-dla-dziewczynki-pomysly-na-aranzacje.html
szafka nocna drewniana	2900	25	0	meble.pl/meble/szafki-nocne,drewno/
łóżko piętrowe 2 osobowe	2900	38	0	meble.pl/meble/lozka,2osobowe,pietrowe-lozko/
biurka narożne białe	2900	42	0	meble.pl/meble/biurka,biurka-narozne/
szafka nocna czarna	2900	13	0	meble.pl/meble/szafki-nocne,kolor-czarny/
biurka regulowane elektryczne	2900	51	0	
komoda biała z szufladami	2400	9	43.2	meble.pl/meble/komody,kolor-bialy/
szafka nocna 30 cm	2400	17	0	meble.pl/p3483514,waska-szafka-nocna-slim-30x40-cm-bialy.html
meble łazienkowe na wymiar	1900	1	854.4	meble.pl/na-wymiar/szafki-lazienkowe
wąska szafka nocna	1900	29	0	meble.pl/p3483514,waska-szafka-nocna-slim-30x40-cm-bialy.html
komoda biała nowoczesna	1900	14	0	meble.pl/meble/komody,kolor-bialy,nowoczesne/
łóżko piętrowe 1 osobowe	1600	10	15.4	meble.pl/meble/lozka,1osobowe,pietrowe-lozko/
komoda biała z drewnem	1600	23	0	meble.pl/meble/komody,drewno,kolor-bialy/
szafa do pokoju młodzieżowego	1600	45	0	meble.pl/poradnik/art9248,szafa-mlodziezowa-czego-potrzebuje-wspolczesny-nastolatek.html
szafka na buty czarna	1600	27	0	meble.pl/p3300376,szafka-na-buty-roma-4d-czarny-mat.html
łóżko z pojemnikiem	1600	14	0	meble.pl/meble/lozka,z-pojemnikiem/
biurko narożne z regałem	1300	19	0	meble.pl/meble/biurka,biurka-narozne/
ekskluzywne meble ogrodowe	1300	45	0	meble.pl/poradnik/art9372,ekskluzywne-meble-ogrodowe-oznaka-dobrego-gustu.html
malutka szafka nocna	1300	51	0	
szafka nocna szara	1300	16	0	meble.pl/meble/szafki-nocne,kolor-szary/
szafka nocna boho	1000	7	28.3	meble.pl/meble/szafki-nocne,boho-etniczny/
zawiasy do szafy narożnej	1000	8	22.3	meble.pl/akcesoria/zawiasy,drzwi-szafki-naroznej--/
szafka na buty z szufladą	1000	32	0	meble.pl/meble/szafki,1szuflada,na-buty/
nowoczesna szafka na buty z siedziskiem	1000	25	0	meble.pl/meble/szafki,szafka-z-siedziskiem/
szafka nocna dla dziewczynki	1000	25	0	meble.pl/meble/szafki-nocne,meble-dzieciece-i-mlodziezowe,dzieciece/
szafa narożna na wymiar	1000	20	0	meble.pl/na-wymiar/szafy
szafka nocna dla dziecka	1000	22	0	meble.pl/meble/szafki-nocne,meble-dzieciece-i-mlodziezowe/
szafy do pokoju dziecka	1000	17	0	meble.pl/poradnik/art8799,szafa-do-pokoju-dzieciecego-jaka-powinna-byc.html
aranżacja małego salonu ze stołem	1000	35	0	meble.pl/poradnik/art9261,maly-salon-ze-stolem-jak-go-urzadzic.html
biurko narożne z szufladami	1000	35	0	meble.pl/meble/biurka,biurka-narozne/
meble do pokoju chłopca	1000	45	0	meble.pl/pomieszczenia/meble-dzieciece-i-mlodziezowe
łóżka dla rodzeństwa	880	6	32.65	meble.pl/poradnik/art8974,lozko-dla-rodzenstwa-czym-sie-kierowac-przy-wyborze.html
szafka nocna glamour	880	6	21.89	meble.pl/meble/szafki-nocne,meble-do-sypialni,glamour/
regał na książki zamykany	880	38	0	meble.pl/na-wymiar/regaly
komoda biała drewniana	880	30	0	meble.pl/meble/komody,drewno,kolor-bialy/
szafka nocna biały polysk	880	12	0	meble.pl/meble/szafki-nocne,kolor-bialy/
biurko narożne z nadstawką	880	17	0	meble.pl/meble/biurka,biurka-narozne/
regał niski	880	21	0	meble.pl/p6271439,regal-niski-loftie-czarny.html
regał na książki aranżacje	880	36	0	meble.pl/na-wymiar/regaly
szafka nocna beżowa	720	5	50.3	meble.pl/meble/szafki-nocne,kolor-bezowy/
szafka nocna z szuflada	720	13	0	meble.pl/meble/szafki-nocne/
szafka nocna wysoka	720	19	0	meble.pl/meble/szafki-nocne/
aranżacja małego salonu	720	26	0	meble.pl/poradnik/art8791,aranzacja-malego-salonu-jak-stworzyc-idealna-strefe-wypoczynku-na-nieduzej-przestrzeni.html
szafka łazienkowa na wymiar	590	3	63.43	meble.pl/na-wymiar/szafki-lazienkowe
komoda biała wysoka	590	6	17.81	meble.pl/meble/komody,kolor-bialy/
szafka nocna złota	590	7	16.7	meble.pl/meble/szafki-nocne,meble-do-sypialni,kolor-zloty/
komoda biała matowa	590	9	10.62	meble.pl/meble/komody,kolor-bialy/
duże biurka narożne	590	23	0	meble.pl/meble/biurka,biurka-narozne/
komoda biała mat	590	13	0	meble.pl/meble/komody,kolor-bialy/
aranżacja pokoju dziennego z funkcją spania	590	25	0	meble.pl/poradnik/art8482,jak-polaczyc-pokoj-dzienny-z-sypialnia.html
komoda w stylu skandynawskim	590	25	0	meble.pl/meble/komody,skandynawski/
duże biurko narożnikowe	590	22	0	meble.pl/meble/biurka,biurka-narozne/
szafka nocna dąb artisan	590	37	0	meble.pl/p7210326,stolik-nocny-z-szufladami-entsian-dab-artisan.html
łóżko dla dziewczynki z barierką	590	15	0	meble.pl/poradnik/art8960,lozko-z-barierka-zadbaj-o-bezpieczenstwo-swojego-malucha.html
komoda biała do sypialni	590	11	0	meble.pl/meble/komody,meble-do-sypialni,kolor-bialy/
szafka nocna wymiary	590	30	0	meble.pl/p5488890,szafka-nocna-1-szufladowa-sophie-07-kaszmir.html
komoda biała glamour	590	15	0	meble.pl/meble/komody,glamour,kolor-bialy/
szafka na buty biały połysk	590	14	0	meble.pl/meble/szafki,kolor-bialy,na-buty/
szafka na buty szara	590	32	0	meble.pl/p5912035,szafka-na-buty-bodo-szary-mat.html
łóżko dla dziecka z barierką	590	14	0	meble.pl/poradnik/art8960,lozko-z-barierka-zadbaj-o-bezpieczenstwo-swojego-malucha.html
szafka nocna granatowa	480	4	34.08	meble.pl/meble/szafki-nocne,meble-do-sypialni,kolor-granatowy/
szafka nocna vintage	480	6	17.81	meble.pl/meble/szafki-nocne,meble-do-sypialni,retro/
szafka nocna retro	480	6	17.81	meble.pl/meble/szafki-nocne,meble-do-sypialni,retro/
komoda biała duża	480	7	9.06	meble.pl/meble/komody,kolor-bialy/
łóżko domek 90x200	480	38	0	meble.pl/p3444109,lozeczko-domek-200x90.html
szafka na buty glamour	480	31	0	meble.pl/meble/szafki,na-buty/
meble łazienkowe pod zabudowę	480	15	0	meble.pl/na-wymiar/szafki-lazienkowe
szafka łazienkowa 50	480	45	0	meble.pl/na-wymiar/
szafka nocna prl	480	11	0	meble.pl/meble/szafki-nocne,prl/
szafka nocna metalowa	480	21	0	meble.pl/meble/szafki-nocne,kolor-czarny,metal/
duża szafka łazienkowa pod umywalkę	480	13	0	meble.pl/na-wymiar/szafki-lazienkowe
biurko narożne czarne	480	20	0	meble.pl/meble/biurka,biurka-narozne/
szafka na buty 70 cm	480	33	0	meble.pl/meble/szafki,na-buty/
szafka nocna rattan	480	24	0	meble.pl/meble/szafki-nocne,ratan/
szafka na buty agat	480	23	0	meble.pl/na-wymiar/
łóżka dla księżniczek	480	28	0	meble.pl/p2015042,lozko-dzieciece-orso-ksiezniczka-roz.html
szafka nocna orzech	390	8	13.16	meble.pl/meble/szafki-nocne,kolor-brazowy/
płytka szafka na buty	390	9	7.02	meble.pl/meble/szafki,na-buty,plyta-laminowana/
szafka na buty na wymiar	390	10	6.01	meble.pl/meble/szafki,meble-do-przedpokoju,na-buty/
hamak do pokoju dziewczynki	390	11	0	meble.pl/poradnik/art8937,hamak-do-pokoju-dziecka-czy-warto-sie-w-niego-wyposazyc.html
meble ogrodowe białe	390	15	0	meble.pl/poradnik/art8913,biale-meble-ogrodowe-rozwiazanie-dla-wymagajacych.html
mebelki do pokoju dziecka	390	46	0	meble.pl/pomieszczenia/meble-dzieciece-i-mlodziezowe
biurka narożne dąb sonoma	390	13	0	meble.pl/meble/biurka,dab-sonoma/
szafka nocna dziecięca	390	40	0	meble.pl/meble/szafki-nocne,meble-dzieciece-i-mlodziezowe,dzieciece/
regał na książki z szufladami	390	15	0	meble.pl/na-wymiar/regaly
nowoczesne meble ogrodowe metalowe	390	31	0	meble.pl/meble/zestawy,metal,nowoczesne/
komoda biała 100 cm	390	25	0	meble.pl/meble/komody,kolor-bialy/
szafka łazienkowa 140	390	30	0	meble.pl/na-wymiar/
szafka nocna czarna loft	390	30	0	meble.pl/meble/szafki-nocne,kolor-czarny/
łóżko piętrowe jednoosobowe	390	20	0	meble.pl/meble/lozka,1osobowe,pietrowe-lozko/
łóżka z pojemnikiem na pościel	390	23	0	meble.pl/meble/lozka,z-pojemnikiem/
szafka nocna dąb wotan	390	31	0	meble.pl/meble/meble-rtv,dab-wotan/
komoda w stylu prowansalskim	390	14	0	meble.pl/meble/komody,prowansalski/
nowoczesne biurka narożne	390	42	0	meble.pl/meble/biurka,biurka-narozne/
biurko narożne z komodą	390	11	0	meble.pl/meble/biurka,z-komoda/
łóżko dla 2 latka z barierką	390	30	0	meble.pl/poradnik/art8960,lozko-z-barierka-zadbaj-o-bezpieczenstwo-swojego-malucha.html
tanie szafy na ubrania	390	42	0	meble.pl/na-wymiar/szafy
szafka nocna brąz	320	4	22.72	meble.pl/meble/szafki-nocne,kolor-brazowy/
szafka nocna lamele	320	4	22.72	meble.pl/meble/szafki-nocne,lamele/
szafka nocna skandynawska	320	4	18.46	meble.pl/poradnik/art9138,szafka-nocna-w-stylu-skandynawskim-czy-to-dobry-pomysl.html
białe meble do pokoju dziecka	320	5	16.1	meble.pl/poradnik/art8928,biale-meble-dzieciece-uniwersalizm-w-twoim-mieszkaniu.html
fotel wiszący do pokoju dziewczynki	320	5	16.1	meble.pl/poradnik/art8733,wiszacy-fotel-w-pokoju-dziecka-sposob-na-oryginalne-wnetrze.html
szafka nocna biała glamour	320	8	7.14	meble.pl/meble/szafki-nocne,meble-do-sypialni,glamour/
meble dziecięce dla dziewczynek	320	9	5.76	meble.pl/poradnik/art8887,meble-dzieciece-dla-dziewczynki-pomysly-na-aranzacje.html
białe meble do pokoju dziecięcego	320	10	4.93	meble.pl/poradnik/art8928,biale-meble-dzieciece-uniwersalizm-w-twoim-mieszkaniu.html
łóżka piętrowe pojedyncze	320	36	0	meble.pl/meble/lozka,1osobowe,pietrowe-lozko/
szafka nocna 60 cm	320	42	0	meble.pl/meble/szafki-nocne/
biurko narożne drewniane	320	42	0	meble.pl/meble/biurka,biurka-narozne/
kolor do pokoju dziewczynki	320	16	0	meble.pl/poradnik/art9279,kolory-scian-w-pokoju-dziewczynki.html
meble łazienkowe wiszące	320	43	0	meble.pl/meble/szafki,meble-lazienkowe,wiszace--/
regał dziecięcy na zabawki	320	36	0	meble.pl/poradnik/art9205,regal-na-zabawki-to-praktyczny-pomysl-na-zachowanie-porzadku-w-pokoju-malucha.html
aranżacja pokoju młodzieżowego dla chłopaka	320	46	0	meble.pl/poradnik/art9220,pokoj-mlodziezowy-dla-chlopaka.html
dywan okragly do pokoju dziecka	320	23	0	meble.pl/wyposazenie-wnetrz/dywany,dywany-okragle,dzieciece/
szafka nocna złote nóżki	320	25	0	meble.pl/meble/szafki-nocne,meble-do-sypialni,kolor-zloty/
szafka nocna brązowa	320	15	0	meble.pl/meble/szafki-nocne,kolor-brazowy,retro/
meble do pokoju dziecięcego dla chłopca	320	18	0	meble.pl/pomieszczenia/meble-dzieciece-i-mlodziezowe
szafka nocna lustrzana	320	18	0	meble.pl/p4108614,szafka-nocna-lustrzana-17js002-45x35x70-cm.html
białe meble do pokoju dziewczynki	320	24	0	meble.pl/poradnik/art8928,biale-meble-dzieciece-uniwersalizm-w-twoim-mieszkaniu.html
szafka nocna grafitowa	260	3	27.95	meble.pl/meble/szafki-nocne,kolor-grafitowy/
hamak do pokoju dziecka	260	4	18.46	meble.pl/poradnik/art8937,hamak-do-pokoju-dziecka-czy-warto-sie-w-niego-wyposazyc.html
komoda w stylu boho	260	5	13.08	meble.pl/meble/komody,boho-etniczny/
biurko narożne na wymiar	260	6	11.87	meble.pl/na-wymiar/biurka
biurko narożne z szafkami	260	6	9.65	meble.pl/meble/biurka,biurka-narozne/
szafka nocna ciemny brąz	260	7	7.36	meble.pl/meble/szafki-nocne,kolor-brazowy/
szafka nocna biała matowa	260	8	5.8	meble.pl/meble/szafki-nocne,kolor-bialy/
szafka nocna grafit	260	8	4.68	meble.pl/meble/szafki-nocne,meble-do-sypialni,kolor-grafitowy/
szafa do pokoju z lustrem	260	9	4.68	meble.pl/meble/szafy,z-lustrem/
szafka nocna bambus	260	9	4.68	meble.pl/meble/szafki-nocne,bambus/
łóżko dla dziewczynki ze zjeżdżalnią	260	13	0	meble.pl/poradnik/art8919,lozko-ze-zjezdzalnia-spelnienie-marzen-malucha.html
biurko narożne prawe	260	45	0	meble.pl/meble/biurka,biurka-narozne/
szafka nocna 50 cm	260	37	0	meble.pl/meble/szafki-nocne/
łóżko dla dziewczynki księżniczka	260	18	0	meble.pl/p2015042,lozko-dzieciece-orso-ksiezniczka-roz.html
pojemna szafa na ubrania	260	43	0	meble.pl/na-wymiar/szafy
szafka nocna z gniazdkiem	260	36	0	meble.pl/meble/szafki-nocne/
szafka nocna niebieska	260	31	0	meble.pl/p3483526,waska-szafka-nocna-slim-30x40-cm-petrol-blue.html
szafy narożne na wymiar projekty	260	27	0	meble.pl/na-wymiar/szafy
szafka nocna mango	260	13	0	meble.pl/p4163596,szafka-nocna-2-szuflady-parquet-drewno-mango.html
meble do pokoju dziecięcego dla dziewczynki	260	12	0	meble.pl/poradnik/art8887,meble-dzieciece-dla-dziewczynki-pomysly-na-aranzacje.html
szafka nocna szer 30 cm	260	13	0	meble.pl/p3483514,waska-szafka-nocna-slim-30x40-cm-bialy.html
szafka łazienkowa wisząca 50 cm	260	42	0	meble.pl/na-wymiar/
rama łóżka z pojemnikiem	260	35	0	meble.pl/meble/lozka,z-pojemnikiem/
szafka nocna diy	260	45	0	meble.pl/meble/szafki-nocne,handmade/
szafka na buty dąb	260	11	0	meble.pl/p6470932,szafka-na-buty-albany-dab.html
szafka nocna industrialna	260	12	0	meble.pl/meble/szafki-nocne,meble-do-sypialni,industrialne/
łóżka dziecięce ze zjeżdżalnią	260	21	0	meble.pl/poradnik/art8919,lozko-ze-zjezdzalnia-spelnienie-marzen-malucha.html
regał na książki na całą ścianę	260	31	0	meble.pl/na-wymiar/regaly
łóżko dziecięce rozsuwane	260	38	0	meble.pl/p2014352,lozko-dzieciece-bufalo.html
łazienka meble łazienkowe agata	260	24	0	meble.pl/na-wymiar/
regał niski otwarty	260	40	0	meble.pl/na-wymiar/regaly/regal-otwarty.html
meble łazienkowe z blatem	260	28	0	meble.pl/na-wymiar/szafki-lazienkowe
kolor do pokoju chłopca	260	30	0	meble.pl/poradnik/art8674,jakie-kolory-do-pokoju-dziecka.html
szafka nocna bambusowa	260	12	0	meble.pl/meble/szafki-nocne,bambus/
meble dziecięce białe	210	4	14.91	meble.pl/poradnik/art8928,biale-meble-dzieciece-uniwersalizm-w-twoim-mieszkaniu.html
biurko dziecięce białe	210	6	7.79	meble.pl/meble/biurka,meble-dzieciece-i-mlodziezowe,kolor-bialy/
komoda biała lakierowana	210	7	4.81	meble.pl/meble/komody,kolor-bialy/
mała komoda biała	210	8	4.68	meble.pl/meble/komody,kolor-bialy/
szafka na buty boho	210	8	4.68	meble.pl/meble/szafki,boho-etniczny,na-buty/
szafka łazienkowa szara	210	9	3.78	meble.pl/meble/szafki,kolor-szary/
komoda biała wąska	210	9	3.78	meble.pl/meble/komody,kolor-bialy/
materac kokos opinie	210	10	3.23	meble.pl/poradnik/art8467,materac-z-wkladem-kokosowym-czy-warto-go-kupic.html
komoda biała wysoki połysk	210	12	0	meble.pl/meble/komody,kolor-bialy/
łóżko dla dorosłego	210	40	0	meble.pl/meble/lozka,meble-do-sypialni,1osobowe/
szafka nocna tanio	210	34	0	meble.pl/meble/szafki-nocne/
siedzisko do pokoju dziecka	210	25	0	meble.pl/meble/pufy,meble-dzieciece-i-mlodziezowe/
jaki kolor do pokoju dziewczynki	210	15	0	meble.pl/poradnik/art9279,kolory-scian-w-pokoju-dziewczynki.html
szafka nocna do pokoju dziewczynki	210	28	0	meble.pl/meble/szafki-nocne,dzieciece/
biurko narożne szare	210	46	0	meble.pl/meble/biurka,biurka-narozne/
meble łazienkowe szare	210	25	0	meble.pl/meble/szafki,kolor-szary/
organizacja zabawek w pokoju dziecka	210	35	0	meble.pl/poradnik/art9002,przechowywanie-zabawek-pomysly-i-inspiracje.html
jaki kolor do pokoju dziecka	210	13	0	meble.pl/poradnik/art8674,jakie-kolory-do-pokoju-dziecka.html
łóżko dla dwóch osób	210	21	0	meble.pl/meble/lozka,2osobowe/
szafka nocna różowa	210	13	0	meble.pl/meble/szafki-nocne,kolor-rozowy/
materac kokosowy opinie	210	11	0	meble.pl/poradnik/art8467,materac-z-wkladem-kokosowym-czy-warto-go-kupic.html
meble łazienkowe białe połysk	210	39	0	meble.pl/na-wymiar/
szafka nocna do pokoju dziecięcego	210	29	0	meble.pl/meble/szafki-nocne,dzieciece/
szafka nocna wysokość 60 cm	210	40	0	meble.pl/meble/szafki-nocne/
regał na książki pod skos	210	22	0	meble.pl/na-wymiar/regaly
szafka nocna biała nowoczesna	210	24	0	meble.pl/meble/szafki-nocne,kolor-bialy/
szafka łazienkowa stojąca pod umywalkę	210	33	0	meble.pl/na-wymiar/szafki-lazienkowe
łóżko dla dwulatka z barierką	210	37	0	meble.pl/poradnik/art8960,lozko-z-barierka-zadbaj-o-bezpieczenstwo-swojego-malucha.html
meble łazienkowe retro	210	34	0	meble.pl/poradnik/art9191,lazienka-w-stylu-retro.html
ściana w pokoju dziewczynki	210	28	0	meble.pl/poradnik/art9279,kolory-scian-w-pokoju-dziewczynki.html
pokrowiec na meble ogrodowe na zimę	210	39	0	meble.pl/poradnik/art9403,jak-skutecznie-zabezpieczyc-meble-ogrodowe-przed-zima.html
szafa do pokoju chłopca	210	24	0	meble.pl/poradnik/art8799,szafa-do-pokoju-dzieciecego-jaka-powinna-byc.html
aranżacja małego biura przykłady	210	48	0	meble.pl/poradnik/art7684,5-pomyslow-na-aranzacje-biura-w-domu.html
komoda biała tania	210	18	0	meble.pl/meble/komody,kolor-bialy/
biurko regulowane 100x60	210	38	0	meble.pl/meble/biurka,regulowane/